Date,Sales,Revenue,Profit,Customers,Product Category,Region
2022-01-24,657,38596.24,5384.67,520.0,Home & Garden,North America
2020-09-26,323,30024.91,5081.99,197.0,Apparel,APAC
2021-07-31,558,29244.97,6445.2,392.0,Office Supplies,North America
2021-10-13,573,43491.38,6037.74,323.0,Electronics,APAC
2022-02-20,686,34361.63,6460.14,533.0,Apparel,North America
2022-06-16,769,54157.05,10282.97,564.0,Electronics,North America
2022-02-14,668,52640.05,8475.96,544.0,Apparel,EMEA
2022-12-30,877,77008.16,13214.62,532.0,Office Supplies,EMEA
2021-11-02,467,50090.15,7252.23,368.0,Office Supplies,EMEA
2021-03-09,590,63220.34,10978.21,471.0,Home & Garden,North America
2022-09-21,676,52292.15,9177.37,387.0,Electronics,Latin America
2021-11-22,625,38049.89,7206.42,415.0,Electronics,Latin America
2020-10-26,367,23338.6,3938.51,292.0,Apparel,North America
2020-04-18,396,38453.37,6311.38,330.0,Apparel,EMEA
2020-10-03,329,15726.17,2788.61,263.0,Office Supplies,EMEA
2021-02-09,548,45406.34,10129.7,373.0,Home & Garden,EMEA
2020-04-04,366,22376.49,3902.31,257.0,Office Supplies,North America
2022-10-02,736,77016.74,13411.56,572.0,Office Supplies,EMEA
2021-12-11,620,33797.45,7055.27,387.0,Apparel,North America
2021-03-28,538,44963.45,8811.05,299.0,Apparel,Latin America
2021-01-15,445,48649.56,6888.11,266.0,Office Supplies,North America
2022-10-22,754,51436.89,8955.76,448.0,Home & Garden,Latin America
2021-10-01,468,38947.72,6385.11,352.0,Office Supplies,APAC
2021-04-19,652,51453.19,7575.72,496.0,Office Supplies,EMEA
2020-10-12,250,13849.16,2381.65,149.0,Office Supplies,North America
2021-04-04,534,41602.75,6221.99,365.0,Electronics,EMEA
2020-11-14,380,26228.66,3684.76,248.0,Electronics,EMEA
2020-08-21,290,20486.78,4436.8,216.0,Office Supplies,North America
2021-02-27,588,47667.34,8772.17,334.0,Electronics,North America
2021-01-16,457,41908.71,7781.79,345.0,Office Supplies,EMEA
2020-04-03,368,16284.83,1628.48,243.0,Apparel,APAC
2021-09-01,574,51687.86,10890.94,337.0,Electronics,EMEA
2021-07-18,585,32837.14,4637.3,462.0,Office Supplies,North America
2022-04-18,825,52737.36,11420.06,532.0,Home & Garden,EMEA
2021-06-07,592,54810.6,8279.9,500.0,Apparel,EMEA
2022-11-12,789,53394.26,8720.16,533.0,Apparel,Latin America
2020-01-01,271,16920.03,3663.84,146.0,Home & Garden,Latin America
2020-10-08,351,26455.53,5113.59,214.0,Electronics,North America
2022-08-21,745,54517.6,9610.81,612.0,Office Supplies,APAC
2020-08-07,325,35989.26,8239.95,203.0,Office Supplies,North America
2022-11-03,692,60240.11,11896.04,473.0,Electronics,Latin America
2021-01-27,448,27586.71,5330.83,382.0,Electronics,APAC
2022-01-25,802,75842.13,12706.86,622.0,Home & Garden,Latin America
2020-08-02,312,34392.31,6423.04,253.0,Office Supplies,APAC
2022-04-30,761,39092.63,6872.04,510.0,Home & Garden,North America
2021-03-30,557,51568.59,12007.01,322.0,Home & Garden,EMEA
2021-10-21,530,49141.0,6268.96,419.0,Home & Garden,North America
2021-12-28,658,46733.62,10278.6,441.0,Electronics,EMEA
2022-05-23,750,61095.17,12957.87,647.0,Home & Garden,EMEA
2022-01-26,719,47407.04,8581.66,423.0,Home & Garden,APAC
2022-10-03,757,39179.47,6521.09,450.0,Office Supplies,EMEA
2021-02-04,451,27547.41,5262.34,337.0,Office Supplies,North America
2021-07-02,565,39003.59,7249.38,333.0,Electronics,EMEA
2021-07-19,520,27816.91,4562.95,276.0,Apparel,North America
2021-07-30,538,57770.91,11207.35,327.0,Office Supplies,Latin America
2022-03-03,765,35251.31,6618.78,473.0,Office Supplies,EMEA
2020-07-26,350,28206.61,4795.52,271.0,Home & Garden,EMEA
2021-07-20,454,,6620.01,312.0,Apparel,Latin America
2020-12-03,386,31664.35,6376.24,220.0,Office Supplies,North America
2020-04-22,388,36025.57,6865.58,211.0,Electronics,North America
2020-12-23,424,31281.35,4525.12,281.0,Apparel,Latin America
2021-01-23,531,30440.46,3955.49,357.0,Office Supplies,APAC
2021-05-25,589,52254.69,8294.35,476.0,Apparel,EMEA
2020-10-29,375,23082.48,3297.96,324.0,Home & Garden,Latin America
2021-06-08,538,50406.03,9838.2,317.0,Office Supplies,North America
2022-01-03,588,59890.71,9130.71,469.0,Electronics,EMEA
2020-01-05,250,28374.85,6111.71,154.0,Electronics,APAC
2021-10-29,605,52124.16,5483.56,355.0,Electronics,North America
2021-01-05,461,25646.2,4834.63,296.0,Office Supplies,North America
2021-08-02,572,37587.5,6655.34,417.0,Apparel,North America
2020-10-21,351,16816.45,2971.13,272.0,Electronics,Latin America
2021-10-23,516,27048.75,5254.57,329.0,Electronics,APAC
2020-05-22,314,29385.94,5516.7,245.0,Office Supplies,North America
2021-09-05,469,53730.24,9884.1,353.0,Office Supplies,EMEA
2021-12-03,569,64040.04,12757.82,373.0,Apparel,EMEA
2022-06-15,757,45342.73,7364.66,529.0,Apparel,North America
2021-06-30,574,33624.7,6548.17,325.0,Home & Garden,APAC
2020-06-10,397,26765.81,5651.64,283.0,Home & Garden,North America
2020-07-19,349,27152.01,6300.57,287.0,Home & Garden,Latin America
2020-08-08,414,35775.68,5652.88,307.0,Electronics,North America
2021-10-10,517,27570.28,5000.05,464.0,Apparel,EMEA
2020-07-08,283,23913.71,4465.32,194.0,Office Supplies,North America
2020-03-04,308,14453.47,2891.56,168.0,Office Supplies,EMEA
2022-06-13,820,90127.45,20086.32,484.0,Apparel,Latin America
2022-03-01,769,,11235.98,513.0,Apparel,North America
2021-03-01,606,37787.33,7429.81,437.0,Office Supplies,North America
2020-08-04,293,19906.81,2825.18,245.0,Electronics,EMEA
2021-12-06,627,53827.17,7590.9,402.0,Electronics,Latin America
2020-08-12,301,15251.09,2852.27,170.0,Office Supplies,APAC
2021-03-13,510,38599.94,4067.11,416.0,Home & Garden,North America
2021-02-21,546,37335.31,5742.59,357.0,Office Supplies,EMEA
2020-03-11,378,21917.31,4005.44,205.0,Office Supplies,EMEA
2022-05-18,808,58862.97,7702.76,554.0,Electronics,APAC
2022-10-30,772,53378.87,9348.58,426.0,Home & Garden,APAC
2021-10-14,519,31761.16,6024.75,409.0,Office Supplies,APAC
2021-11-13,544,28962.9,5803.25,401.0,Electronics,APAC
2021-11-20,593,68401.29,10101.41,393.0,Home & Garden,North America
2021-10-31,591,42017.43,9616.74,377.0,Office Supplies,North America
2021-07-05,541,57635.22,5995.94,458.0,Electronics,North America
2020-09-05,384,19527.62,4481.28,236.0,Apparel,Latin America
2021-04-25,581,45684.08,10141.31,364.0,Office Supplies,Latin America
2020-07-17,339,26173.32,4484.63,274.0,Electronics,North America
2022-07-24,712,39038.53,8553.28,458.0,Electronics,EMEA
2022-05-24,777,34960.9,5034.69,531.0,Apparel,Latin America
2021-08-06,615,37890.28,5369.46,518.0,Apparel,North America
2022-08-05,697,58256.03,7689.32,428.0,Electronics,APAC
2022-07-20,811,88275.27,14431.54,476.0,Office Supplies,APAC
2021-09-25,500,53717.76,10740.75,355.0,Home & Garden,North America
2020-02-22,315,33913.95,5681.07,209.0,Home & Garden,North America
2022-05-02,760,56823.02,9333.92,393.0,Home & Garden,North America
2022-04-16,848,71217.26,13958.64,548.0,Apparel,North America
2020-10-20,369,28832.13,4573.78,312.0,Home & Garden,North America
2022-06-10,788,86631.95,15122.03,570.0,Office Supplies,North America
2021-12-10,678,52597.22,11352.47,387.0,Office Supplies,North America
2020-07-02,368,26316.11,4871.48,280.0,Home & Garden,EMEA
2020-10-06,308,25536.89,5741.92,246.0,Office Supplies,EMEA
2021-05-01,560,59026.24,11875.04,390.0,Electronics,APAC
2021-11-11,591,66215.4,16082.09,370.0,Apparel,North America
2021-07-23,519,49807.51,9590.25,357.0,Electronics,EMEA
2020-03-19,375,25311.04,3880.76,263.0,Electronics,North America
2021-04-09,579,32300.51,6901.19,296.0,Electronics,EMEA
2020-11-30,432,48498.98,10029.04,365.0,Apparel,North America
2021-05-29,552,47926.55,9202.59,381.0,Apparel,North America
2020-01-11,252,18363.86,3530.6,201.0,Apparel,EMEA
2021-11-30,585,57799.99,14759.04,468.0,Electronics,North America
2022-06-23,765,79109.58,14897.98,495.0,Home & Garden,APAC
2021-06-25,510,35077.08,4855.38,321.0,Electronics,APAC
2021-05-22,545,41281.64,5341.0,390.0,Apparel,North America
2020-10-13,323,30023.43,6166.91,201.0,Office Supplies,North America
2022-08-19,771,79199.66,9995.54,512.0,Electronics,Latin America
2020-12-12,357,35615.74,6608.69,199.0,Apparel,North America
2020-11-12,391,28022.12,4248.93,211.0,Electronics,APAC
2022-02-12,766,60905.51,12359.0,411.0,Office Supplies,North America
2022-05-01,764,52674.66,9967.54,595.0,Home & Garden,North America
2021-08-11,554,26837.27,4944.22,404.0,Electronics,EMEA
2022-03-08,787,47379.57,9311.22,661.0,Apparel,North America
2020-03-28,391,30885.02,5127.07,229.0,Office Supplies,APAC
2022-09-10,712,48573.28,9296.59,501.0,Apparel,North America
2020-11-25,410,22024.97,3745.93,209.0,Apparel,EMEA
2022-01-20,651,59016.74,12007.78,500.0,Office Supplies,APAC
2021-02-12,532,51467.88,7867.46,407.0,Electronics,North America
2020-10-31,347,33425.22,7348.84,238.0,Electronics,North America
2022-06-08,813,57836.55,10702.18,556.0,Home & Garden,North America
2022-11-07,738,76450.97,16058.45,580.0,Office Supplies,APAC
2021-09-29,522,37670.54,6539.47,398.0,Apparel,Latin America
2021-10-28,533,27370.34,5339.47,372.0,Home & Garden,North America
2020-11-17,396,35082.36,5522.91,247.0,Office Supplies,APAC
2020-07-23,277,16665.04,2398.69,164.0,Office Supplies,EMEA
2022-07-19,714,65015.76,12608.58,509.0,Electronics,North America
2021-10-18,533,31314.03,6783.39,396.0,Office Supplies,EMEA
2020-07-04,375,31797.18,5526.4,306.0,Electronics,North America
2020-03-07,356,25575.35,4052.03,266.0,Apparel,EMEA
2022-08-24,689,46961.72,7889.71,354.0,Home & Garden,North America
2020-04-16,461,29468.51,4575.42,291.0,Apparel,Latin America
2020-06-27,342,18595.65,3600.22,276.0,Home & Garden,EMEA
2020-08-30,334,36459.71,7702.18,268.0,Home & Garden,APAC
2021-09-04,525,42364.41,7102.19,432.0,Electronics,EMEA
2020-08-14,321,16689.84,3605.27,266.0,Apparel,EMEA
2022-06-01,754,58014.76,9645.8,519.0,Electronics,Latin America
2020-07-11,350,26544.66,5701.06,262.0,Apparel,North America
2020-07-14,354,31878.08,6883.03,276.0,Home & Garden,EMEA
2022-10-17,753,59970.39,9464.46,525.0,Office Supplies,APAC
2022-02-15,703,52703.87,10429.74,446.0,Office Supplies,EMEA
2022-01-10,596,54125.69,11787.33,359.0,Electronics,APAC
2020-09-11,253,23399.8,4528.28,214.0,Office Supplies,North America
2020-09-08,350,35061.1,6691.15,248.0,Apparel,Latin America
2020-04-08,383,23089.51,4479.37,332.0,Apparel,North America
2021-03-18,487,27135.86,6249.17,323.0,Office Supplies,EMEA
2021-09-23,578,45840.27,7542.72,438.0,Electronics,EMEA
2022-04-01,836,41425.18,7547.1,606.0,Electronics,APAC
2020-04-20,309,19383.72,4200.31,230.0,Office Supplies,Latin America
2022-02-03,759,66954.17,14451.58,411.0,Apparel,North America
2021-04-01,576,50529.72,7303.76,436.0,Home & Garden,EMEA
2022-06-28,840,41831.61,8562.86,610.0,Office Supplies,North America
2022-12-21,848,45252.48,7096.63,597.0,Electronics,EMEA
2020-01-19,249,15136.6,1776.87,175.0,Electronics,APAC
2022-03-23,832,83528.86,16867.94,619.0,Electronics,EMEA
2021-11-17,561,55100.92,10465.07,379.0,Electronics,North America
2021-04-16,493,35598.5,6915.19,296.0,Electronics,Latin America
2021-05-20,561,28815.16,4339.8,443.0,Electronics,Latin America
2021-10-05,462,34166.34,6100.65,303.0,Home & Garden,EMEA
2020-05-15,443,25986.98,6557.82,382.0,Home & Garden,APAC
2020-12-06,371,27063.62,3625.14,284.0,Electronics,EMEA
2022-12-01,749,86268.32,15374.53,403.0,Home & Garden,EMEA
2022-12-04,780,65136.04,11047.54,554.0,Apparel,APAC
2022-11-05,795,58296.34,7156.45,685.0,Home & Garden,EMEA
2020-05-19,330,34297.09,5955.13,174.0,Home & Garden,North America
2020-04-25,398,21937.35,4126.45,316.0,Electronics,EMEA
2021-05-28,540,46946.8,8700.77,361.0,Electronics,APAC
2022-05-29,823,59547.78,10977.75,560.0,Apparel,EMEA
2020-01-28,317,32473.1,3779.19,276.0,Office Supplies,North America
2021-03-21,599,63128.25,13516.99,358.0,Office Supplies,APAC
2022-10-12,736,54535.98,11446.2,492.0,Electronics,APAC
2022-05-25,849,41205.56,4553.86,576.0,Electronics,Latin America
2022-09-05,650,58552.97,12359.51,493.0,Office Supplies,EMEA
2021-02-24,627,45616.1,6956.99,474.0,Electronics,North America
2020-10-23,374,18903.09,3880.04,228.0,Office Supplies,APAC
2022-01-31,713,42487.84,8584.21,554.0,Home & Garden,North America
2021-02-22,589,64655.36,13347.6,442.0,Office Supplies,EMEA
2022-09-01,696,68795.59,14822.47,475.0,Electronics,EMEA
2021-12-26,633,62650.22,9273.04,487.0,Apparel,North America
2020-10-14,353,22401.34,2602.66,260.0,Electronics,North America
2020-05-18,413,43178.74,7865.49,298.0,Office Supplies,EMEA
2022-04-26,798,69265.83,14681.25,439.0,Home & Garden,APAC
2020-07-07,310,19594.51,3182.23,238.0,Apparel,APAC
2021-07-03,525,24145.35,4274.56,367.0,Apparel,APAC
2022-05-08,763,69463.45,13089.02,587.0,Home & Garden,North America
2022-01-15,650,71748.09,12425.03,446.0,Electronics,North America
2020-01-20,231,21704.97,3526.22,137.0,Electronics,Latin America
2020-04-17,392,27209.14,4400.87,269.0,Electronics,EMEA
2021-06-03,602,29681.45,6951.87,393.0,Electronics,APAC
2021-11-10,611,43900.94,6270.3,465.0,Electronics,North America
2020-07-15,302,32947.79,4574.79,242.0,Electronics,EMEA
2020-04-27,339,29407.09,5232.73,184.0,Electronics,EMEA
2022-11-08,801,65810.16,14596.93,558.0,Electronics,North America
2020-01-16,257,12761.91,2767.67,167.0,Home & Garden,EMEA
2020-12-13,360,28039.0,5404.89,281.0,Office Supplies,Latin America
2021-07-15,622,58250.96,10228.24,388.0,Office Supplies,EMEA
2020-05-13,401,41482.25,7583.0,285.0,Office Supplies,EMEA
2022-09-12,668,59425.88,10143.45,497.0,Home & Garden,North America
2022-08-20,725,76845.36,12949.63,571.0,Apparel,APAC
2021-01-25,461,43631.6,7627.5,284.0,Electronics,APAC
2022-03-28,813,45235.39,9326.16,469.0,Electronics,EMEA
2020-04-09,374,37919.34,8555.75,320.0,Home & Garden,North America
2022-04-22,741,80672.02,13137.25,587.0,Home & Garden,APAC
2022-01-21,636,32219.92,5035.1,521.0,Apparel,EMEA
2021-08-26,569,26928.43,4543.12,368.0,Electronics,Latin America
2021-02-11,520,54653.51,9913.06,354.0,Electronics,Latin America
2022-07-17,800,72055.85,10716.34,496.0,Electronics,EMEA
2020-09-06,329,34692.5,7358.91,263.0,Office Supplies,North America
2022-12-02,744,56686.02,13358.92,436.0,Electronics,Latin America
2020-04-24,378,28047.23,3516.62,311.0,Office Supplies,North America
2022-12-26,837,43417.66,7278.25,574.0,Office Supplies,EMEA
2022-02-28,684,70956.94,12697.73,445.0,Office Supplies,North America
2021-06-14,590,30096.21,6415.82,347.0,Electronics,Latin America
2020-12-16,435,33125.04,5016.14,310.0,Home & Garden,EMEA
2021-11-01,598,56852.35,9241.15,364.0,Office Supplies,EMEA
2021-09-10,533,31029.28,5633.92,368.0,Home & Garden,APAC
2022-03-17,778,52739.49,8923.46,440.0,Home & Garden,North America
2020-01-31,283,21007.37,2100.74,231.0,Office Supplies,Latin America
2020-02-16,315,32696.7,5840.76,218.0,Electronics,Latin America
2022-02-16,724,74763.12,12034.73,585.0,Electronics,Latin America
2021-11-08,628,53756.16,12672.0,549.0,Home & Garden,North America
2020-10-04,298,15767.56,2820.39,170.0,Apparel,EMEA
2020-02-28,363,34434.56,5443.12,320.0,Apparel,APAC
2022-07-26,759,37377.08,6265.43,436.0,Apparel,North America
2021-05-24,545,26785.15,3732.15,400.0,Home & Garden,EMEA
2022-05-21,748,48369.04,9552.02,531.0,Home & Garden,North America
2020-03-25,343,24672.86,3227.59,183.0,Home & Garden,North America
2020-09-07,263,18687.6,2954.73,173.0,Office Supplies,EMEA
2021-09-03,512,40203.02,5624.33,415.0,Apparel,EMEA
2020-10-24,352,30826.67,5207.36,251.0,Electronics,APAC
2020-06-14,379,21612.84,4248.05,303.0,Apparel,Latin America
2021-10-04,512,52730.91,10781.63,274.0,Office Supplies,Latin America
2020-12-07,415,39588.74,4893.16,353.0,Office Supplies,North America
2021-08-14,500,23338.3,3402.02,340.0,Apparel,EMEA
2020-11-10,413,22370.44,3961.83,244.0,Electronics,APAC
2021-08-18,497,34984.68,5863.14,323.0,Home & Garden,APAC
2021-03-16,583,58150.17,8361.38,377.0,Electronics,North America
2022-02-07,694,67506.26,8144.85,542.0,Home & Garden,Latin America
2020-03-26,356,24164.66,4065.12,219.0,Apparel,North America
2020-01-22,282,13958.26,2131.56,197.0,Home & Garden,Latin America
2021-04-03,559,35965.21,8724.49,436.0,Apparel,Latin America
2021-05-21,556,48087.44,6991.92,450.0,Apparel,North America
2020-08-05,314,18525.47,4280.78,264.0,Office Supplies,APAC
2022-11-23,827,85976.25,16039.39,544.0,Electronics,EMEA
2020-03-18,358,27369.46,4552.47,216.0,Office Supplies,North America
2020-09-22,266,28477.94,6540.31,175.0,Electronics,North America
2020-02-21,325,29817.63,6038.59,273.0,Electronics,EMEA
2020-08-03,355,21637.38,4344.39,188.0,Home & Garden,Latin America
2022-10-07,777,70421.0,11890.18,,Electronics,North America
2022-01-01,613,34631.19,4889.74,455.0,Apparel,Latin America
2021-04-27,522,48704.19,6771.11,371.0,Home & Garden,EMEA
2020-09-21,305,15640.93,3307.45,211.0,Home & Garden,EMEA
2021-10-25,518,56030.1,10798.78,349.0,Office Supplies,North America
2021-05-19,555,52936.5,10256.18,313.0,Home & Garden,EMEA
2022-12-20,844,47428.32,8039.9,513.0,Office Supplies,EMEA
2022-06-24,758,83689.0,15008.08,431.0,Home & Garden,EMEA
2020-10-18,314,14936.33,2899.16,146.0,Office Supplies,EMEA
2022-02-25,780,50415.86,8323.26,479.0,Office Supplies,APAC
2020-03-06,412,30211.74,6612.63,323.0,Home & Garden,EMEA
2020-09-23,382,43212.18,7151.32,231.0,Apparel,North America
2022-09-19,705,57224.44,12173.12,524.0,Electronics,North America
2021-03-15,565,54281.49,10321.12,316.0,Office Supplies,EMEA
2021-01-07,521,43051.82,6655.57,290.0,Electronics,EMEA
2021-06-05,593,42632.69,6364.17,339.0,Home & Garden,EMEA
2022-08-18,744,78740.38,11186.26,595.0,Home & Garden,North America
2022-07-01,761,68110.8,10266.96,447.0,Electronics,EMEA
2021-01-06,481,44844.96,6743.06,326.0,Home & Garden,EMEA
2020-09-03,294,17765.85,2821.1,167.0,Apparel,EMEA
2022-09-28,756,35172.01,6171.32,625.0,Home & Garden,North America
2020-08-10,348,29506.76,5997.39,281.0,Electronics,Latin America
2022-07-28,707,37263.86,6438.45,574.0,Home & Garden,Latin America
2021-09-12,482,50591.21,8018.18,357.0,Office Supplies,Latin America
2020-05-05,472,34765.56,6466.2,286.0,Office Supplies,Latin America
2021-11-21,563,32363.37,7161.85,372.0,Electronics,EMEA
2022-01-16,688,59586.09,9252.64,514.0,Apparel,APAC
2021-09-06,612,54575.81,9079.43,344.0,Apparel,Latin America
2021-04-06,584,56547.99,10885.11,388.0,Office Supplies,EMEA
2020-09-17,277,17868.4,3424.82,170.0,Electronics,Latin America
2022-08-27,658,60651.6,11249.36,425.0,Home & Garden,EMEA
2021-04-28,595,29921.52,5252.15,398.0,Home & Garden,EMEA
2021-11-03,537,33082.56,5758.41,451.0,Electronics,APAC
2022-04-29,765,61862.81,9582.08,556.0,Office Supplies,APAC
2022-09-08,731,38669.02,6499.23,557.0,Apparel,North America
2022-06-22,809,50138.17,12096.45,522.0,Office Supplies,North America
2022-04-20,784,77742.96,16027.95,470.0,Home & Garden,Latin America
2020-06-17,351,25407.28,4259.71,208.0,Home & Garden,North America
2020-05-16,350,29592.76,6672.93,260.0,Office Supplies,EMEA
2021-05-23,581,48253.07,6088.73,329.0,Electronics,Latin America
2020-01-04,318,18139.97,3139.74,240.0,Home & Garden,Latin America
2022-06-27,780,71328.37,11099.38,493.0,Apparel,Latin America
2021-01-01,461,38903.69,5777.03,315.0,Electronics,APAC
2020-04-21,385,33880.14,5835.32,341.0,Apparel,Latin America
2021-09-18,475,24073.82,4115.05,351.0,Electronics,EMEA
2021-01-09,553,26203.13,5329.2,432.0,Office Supplies,EMEA
2020-05-27,323,17171.23,2647.61,280.0,Office Supplies,North America
2020-07-25,351,21427.79,4061.07,266.0,Home & Garden,North America
2022-02-04,686,70807.49,14645.78,400.0,Home & Garden,APAC
2022-02-13,754,37743.89,5046.96,427.0,Apparel,North America
2020-03-12,426,30648.39,5748.63,245.0,Home & Garden,EMEA
2022-03-02,761,71018.29,10409.76,,Home & Garden,North America
2021-12-09,525,52192.28,5965.7,329.0,Home & Garden,Latin America
2020-10-25,373,41587.62,4158.76,277.0,Office Supplies,North America
2020-11-02,401,32340.06,5232.78,257.0,Electronics,North America
2020-11-18,341,33981.84,4621.41,215.0,Electronics,Latin America
2020-11-16,374,39870.84,5977.97,255.0,Electronics,APAC
2020-02-14,271,31387.61,5379.1,188.0,Office Supplies,North America
2022-10-09,808,94714.62,17956.54,656.0,Electronics,North America
2022-05-12,845,61512.96,17057.1,613.0,Electronics,North America
2021-04-17,525,53137.62,9560.94,386.0,Electronics,APAC
2022-11-30,778,59155.91,12333.29,485.0,Home & Garden,EMEA
2021-04-05,660,62753.24,10615.09,520.0,Home & Garden,Latin America
2022-12-24,826,80861.32,13106.87,514.0,Home & Garden,EMEA
2020-04-23,484,30368.72,4946.74,348.0,Apparel,North America
2020-08-22,401,20338.79,2470.49,321.0,Home & Garden,Latin America
2021-11-19,602,39366.52,8124.56,512.0,Electronics,North America
2021-03-11,566,36162.09,6196.69,330.0,Electronics,EMEA
2022-08-23,774,65687.45,9490.46,686.0,Office Supplies,Latin America
2022-05-17,795,52037.51,12025.62,594.0,Electronics,Latin America
2022-09-22,705,72767.3,9969.52,595.0,Electronics,Latin America
2021-01-19,456,29854.34,5539.21,372.0,Apparel,EMEA
2020-04-11,367,38229.75,8885.39,325.0,Home & Garden,APAC
2020-05-07,362,30223.26,6593.83,216.0,Apparel,APAC
2022-10-18,710,56732.79,12240.5,424.0,Electronics,North America
2022-10-28,677,73940.36,14498.87,379.0,Electronics,North America
2021-09-02,540,32424.39,6006.9,316.0,Home & Garden,Latin America
2020-08-18,288,13980.28,2438.51,250.0,Home & Garden,North America
2021-06-09,496,41967.84,6637.29,244.0,Home & Garden,EMEA
2022-04-06,846,42908.61,6282.4,719.0,Electronics,EMEA
2020-06-16,437,31127.32,5170.41,300.0,Apparel,North America
2020-06-05,444,21544.84,3817.55,280.0,Electronics,North America
2020-09-30,320,18828.4,4133.76,255.0,Office Supplies,APAC
2022-12-23,844,61216.63,13278.3,662.0,Home & Garden,North America
2020-10-10,277,21032.46,3141.52,158.0,Home & Garden,North America
2021-05-27,567,47900.22,7866.35,406.0,Home & Garden,North America
2020-06-21,354,19150.1,3556.42,196.0,Apparel,EMEA
2022-06-12,813,70397.65,13048.51,530.0,Office Supplies,Latin America
2022-03-30,821,52088.32,10657.52,572.0,Apparel,EMEA
2021-10-09,523,,5290.4,425.0,Apparel,North America
2020-05-25,408,31504.22,5524.02,284.0,Electronics,Latin America
2021-07-13,524,55527.1,8608.82,429.0,Apparel,EMEA
2022-05-09,810,42239.75,4900.75,582.0,Office Supplies,North America
2020-07-10,376,32319.46,3829.91,313.0,Home & Garden,Latin America
2021-10-26,513,39584.9,8644.77,432.0,Office Supplies,APAC
2021-06-29,520,41621.12,6986.86,391.0,Home & Garden,EMEA
2020-09-18,312,32862.96,6163.26,162.0,Apparel,EMEA
2020-02-26,314,30366.9,4978.35,204.0,Home & Garden,EMEA
2022-01-22,653,37974.48,5946.97,524.0,Electronics,Latin America
2020-09-13,364,19299.02,2801.18,239.0,Electronics,Latin America
2020-02-07,241,23012.17,2671.32,168.0,Electronics,Latin America
2022-01-17,652,33038.28,5234.15,423.0,Apparel,Latin America
2022-07-05,772,60421.99,12691.93,592.0,Office Supplies,North America
2021-10-08,417,23959.81,5161.4,307.0,Electronics,North America
2020-06-06,388,32839.48,7217.26,184.0,Electronics,North America
2022-09-06,744,62831.72,8627.47,588.0,Electronics,Latin America
2021-01-26,519,48128.62,9777.7,444.0,Home & Garden,APAC
2020-12-29,463,38979.19,6402.98,324.0,Electronics,EMEA
2022-09-24,743,37303.43,7267.07,420.0,Electronics,EMEA
2020-10-02,339,18056.67,3027.29,236.0,Apparel,APAC
2022-10-26,700,45675.55,7001.63,558.0,Office Supplies,North America
2022-03-14,748,47713.05,5601.78,473.0,Apparel,APAC
2021-12-07,553,45831.45,8569.73,332.0,Electronics,Latin America
2021-02-17,586,54925.3,9263.69,436.0,Home & Garden,EMEA
2022-09-03,696,40779.62,7092.57,511.0,Electronics,APAC
2022-04-21,813,68377.49,11661.6,652.0,Office Supplies,North America
2021-10-07,513,46978.73,7953.49,307.0,Electronics,EMEA
2021-08-28,590,35876.24,5196.69,473.0,Apparel,North America
2021-08-31,443,28558.24,5274.73,303.0,Office Supplies,APAC
2022-12-11,792,59326.97,10985.43,566.0,Electronics,APAC
2020-04-01,419,37871.54,5512.93,306.0,Apparel,Latin America
2021-01-28,576,26424.12,4175.15,370.0,Office Supplies,EMEA
2022-05-19,861,52916.29,6689.08,565.0,Office Supplies,North America
2022-12-25,830,83288.61,9019.4,672.0,Electronics,North America
2020-07-27,350,17980.63,3186.14,192.0,Apparel,North America
2022-02-23,766,71762.74,12650.91,511.0,Office Supplies,North America
2021-06-24,590,31973.36,7647.27,372.0,Home & Garden,North America
2022-02-26,766,76569.96,13363.21,647.0,Home & Garden,EMEA
2020-02-15,303,15195.94,2866.26,226.0,Office Supplies,Latin America
2020-12-14,390,27261.82,5088.93,321.0,Electronics,EMEA
2021-02-15,487,44164.33,10521.56,308.0,Home & Garden,EMEA
2020-08-23,341,37471.84,6906.35,247.0,Office Supplies,North America
2021-08-17,560,46046.78,7752.85,307.0,Electronics,APAC
2020-03-22,388,29975.45,6719.9,212.0,Electronics,North America
2021-09-16,578,58223.07,12495.12,323.0,Electronics,North America
2021-06-06,544,50080.63,8594.12,405.0,Office Supplies,EMEA
2020-03-17,373,32498.68,6697.15,305.0,Office Supplies,APAC
2021-02-18,550,55210.91,10321.31,348.0,Office Supplies,APAC
2020-06-08,394,31329.94,4326.24,325.0,Home & Garden,North America
2022-04-28,761,49304.53,7519.45,473.0,Electronics,North America
2020-08-25,322,20777.59,4213.52,252.0,Electronics,North America
2021-11-04,537,44664.08,10810.37,304.0,Apparel,APAC
2022-10-11,796,84367.54,15540.22,421.0,Home & Garden,APAC
2022-07-07,728,40101.88,6277.54,541.0,Office Supplies,North America
2020-02-13,316,28150.38,6523.59,148.0,Office Supplies,EMEA
2020-05-30,384,30892.53,6076.46,262.0,Electronics,EMEA
2022-12-28,873,69289.66,13589.7,559.0,Home & Garden,North America
2021-03-24,554,31494.02,5873.6,493.0,Home & Garden,APAC
2021-02-20,602,30824.69,5349.01,512.0,Home & Garden,North America
2022-07-15,717,62457.6,10960.71,541.0,Apparel,EMEA
2021-12-13,594,46587.1,8705.84,465.0,Electronics,Latin America
2021-06-28,454,36882.45,9152.14,391.0,Office Supplies,APAC
2020-06-12,332,26098.04,2609.8,219.0,Apparel,North America
2022-03-15,750,35086.26,6484.46,435.0,Electronics,EMEA
2022-08-31,688,37524.75,7303.32,385.0,Office Supplies,EMEA
2020-02-03,270,21246.19,4709.22,249.0,Office Supplies,Latin America
2021-08-03,539,35997.86,8933.7,358.0,Home & Garden,North America
2022-07-13,789,83336.11,9811.36,518.0,Home & Garden,APAC
2022-06-29,740,46752.83,8732.16,452.0,Office Supplies,EMEA
2022-04-04,764,81915.77,17673.43,591.0,Home & Garden,EMEA
2021-02-08,503,43350.55,9346.47,276.0,Electronics,North America
2022-12-27,840,84930.91,17615.03,652.0,Office Supplies,North America
2020-05-20,388,27873.49,4221.23,247.0,Apparel,North America
2022-10-13,702,48807.77,6749.79,546.0,Electronics,Latin America
2021-02-01,564,57635.17,10889.86,361.0,Office Supplies,Latin America
2021-01-30,487,49935.05,6205.08,389.0,Office Supplies,APAC
2022-11-19,784,76555.63,10549.03,,Office Supplies,North America
2022-08-15,737,73867.42,14227.29,439.0,Electronics,North America
2021-10-27,547,41789.78,4742.95,315.0,Home & Garden,North America
2020-12-05,380,31117.85,5024.62,246.0,Home & Garden,Latin America
2022-01-05,679,39701.93,6674.41,535.0,Office Supplies,Latin America
2021-07-07,556,45400.51,8343.95,367.0,Electronics,EMEA
2020-03-08,401,36476.76,7381.08,262.0,Apparel,North America
2020-07-18,290,26527.02,4151.14,161.0,Apparel,APAC
2022-09-13,774,57407.43,9275.34,597.0,Electronics,APAC
2022-07-02,813,74784.4,16385.65,600.0,Electronics,Latin America
2022-08-12,717,60605.54,12099.85,507.0,Electronics,North America
2022-08-25,788,70869.07,13328.97,471.0,Home & Garden,EMEA
2022-06-19,775,79843.23,12713.64,505.0,Home & Garden,EMEA
2022-01-08,732,54032.62,13460.02,598.0,Home & Garden,North America
2022-10-06,702,69902.41,12130.28,403.0,Home & Garden,EMEA
2020-03-09,376,27107.48,4721.01,245.0,Electronics,North America
2022-06-14,790,40902.21,5553.54,577.0,Electronics,APAC
2021-07-17,525,43026.68,8013.03,391.0,Electronics,EMEA
2022-03-20,736,49733.65,9418.13,532.0,Electronics,North America
2022-10-01,748,46759.91,7401.17,511.0,Electronics,North America
2022-12-03,844,90626.83,16922.48,595.0,Home & Garden,North America
2020-12-02,364,38102.86,6390.21,198.0,Electronics,EMEA
2020-10-22,310,35127.96,5378.12,209.0,Apparel,APAC
2022-10-21,805,57929.55,7763.66,656.0,Office Supplies,Latin America
2021-12-30,617,59293.97,8497.61,432.0,Home & Garden,APAC
2020-09-16,345,31304.21,4498.91,224.0,Office Supplies,North America
2022-01-19,630,39953.82,7192.51,394.0,Office Supplies,EMEA
2021-12-25,645,48976.31,7617.71,526.0,Electronics,EMEA
2020-04-07,393,42506.85,8642.59,254.0,Home & Garden,North America
2020-01-09,248,22633.97,3325.64,195.0,Electronics,EMEA
2021-01-02,454,36976.4,7496.04,331.0,Electronics,Latin America
2020-09-14,286,20560.06,3526.17,227.0,Apparel,APAC
2021-01-14,444,21627.79,5133.2,349.0,Home & Garden,North America
2020-12-28,441,33961.17,4425.18,320.0,Office Supplies,North America
2020-08-19,325,20378.91,3857.73,214.0,Electronics,Latin America
2020-10-19,311,30135.34,4784.62,239.0,Office Supplies,North America
2022-08-28,720,49736.36,7952.67,541.0,Home & Garden,Latin America
2022-11-22,778,44081.41,6063.04,525.0,Home & Garden,APAC
2022-03-12,743,56611.76,10808.56,638.0,Home & Garden,Latin America
2022-08-10,671,63952.97,11578.14,457.0,Apparel,North America
2022-02-18,761,50867.6,10291.82,465.0,Apparel,EMEA
2022-02-06,789,79634.17,15173.84,499.0,Electronics,North America
2022-12-08,809,73893.45,15429.63,546.0,Home & Garden,North America
2020-04-02,352,39282.37,7171.24,228.0,Office Supplies,North America
2021-07-24,533,50660.73,6419.71,302.0,Home & Garden,Latin America
2022-08-11,779,55237.15,6680.65,583.0,Home & Garden,EMEA
2022-11-18,792,86665.47,19045.86,578.0,Home & Garden,North America
2021-08-16,532,29609.93,4614.74,410.0,Apparel,APAC
2020-11-13,353,20097.35,3984.25,197.0,Electronics,APAC
2020-03-10,337,25773.98,4589.68,204.0,Apparel,Latin America
2022-07-03,745,40066.25,8010.89,476.0,Office Supplies,EMEA
2020-01-30,294,26638.89,5160.77,294.0,Apparel,North America
2021-03-20,519,55180.08,8023.16,417.0,Office Supplies,EMEA
2020-02-10,353,25369.2,4953.29,201.0,Home & Garden,APAC
2021-12-05,539,59728.33,10548.39,428.0,Apparel,Latin America
2021-10-02,507,26650.6,5206.06,413.0,Apparel,EMEA
2020-11-29,364,22012.07,4552.34,218.0,Office Supplies,Latin America
2020-05-24,388,38641.76,7342.91,273.0,Electronics,EMEA
2020-10-16,306,28759.93,4656.68,222.0,Electronics,North America
2022-12-12,751,63450.16,12699.29,585.0,Office Supplies,North America
2022-11-17,787,87842.67,14963.05,493.0,Office Supplies,EMEA
2021-05-26,575,48426.82,11554.53,440.0,Office Supplies,APAC
2021-11-16,598,39826.84,6977.23,334.0,Electronics,North America
2022-10-31,728,63509.81,11704.32,509.0,Apparel,EMEA
2022-02-22,767,38605.24,7377.53,637.0,Office Supplies,Latin America
2020-11-04,375,36415.09,6053.18,231.0,Home & Garden,North America
2020-11-15,363,27921.8,5675.97,266.0,Office Supplies,Latin America
2020-05-09,363,31174.33,5881.4,326.0,Apparel,EMEA
2022-04-08,766,65039.57,12055.79,557.0,Electronics,EMEA
2022-11-15,823,69008.37,10470.17,662.0,Apparel,North America
2021-04-22,599,34328.94,4587.31,454.0,Apparel,EMEA
2022-06-10,788,86631.95,15122.03,570.0,Office Supplies,North America
2022-08-08,713,62887.04,9635.32,492.0,Electronics,North America
2020-08-29,309,25856.91,5646.73,233.0,Apparel,EMEA
2020-04-26,384,20723.78,2541.41,294.0,Office Supplies,APAC
2020-07-01,306,19203.42,3259.27,253.0,Apparel,EMEA
2021-09-11,523,33034.44,4895.1,289.0,Apparel,EMEA
2020-04-15,401,26369.18,3871.29,301.0,Electronics,APAC
2021-08-15,538,57396.9,10139.43,302.0,Home & Garden,North America
2021-07-25,599,31551.31,6686.3,398.0,Electronics,APAC
2020-01-03,281,13932.51,2207.78,198.0,Electronics,EMEA
2021-02-14,559,64096.25,12816.85,319.0,Electronics,Latin America
2020-08-06,303,35589.45,6622.12,190.0,Electronics,North America
2020-08-15,275,26280.71,4841.19,202.0,Home & Garden,EMEA
2022-01-09,708,64236.48,8711.54,535.0,Apparel,Latin America
2022-08-01,723,57275.22,10673.97,,Electronics,Latin America
2021-10-24,538,42691.35,6665.54,352.0,Apparel,North America
2020-07-12,290,18936.22,3217.5,212.0,Office Supplies,APAC
2020-12-22,433,41418.09,8925.8,315.0,Office Supplies,APAC
2022-04-12,744,65236.61,16606.35,413.0,Electronics,EMEA
2020-02-09,330,31132.62,5805.05,216.0,Office Supplies,APAC
2021-07-27,521,27549.56,6103.22,412.0,Office Supplies,EMEA
2021-07-01,542,38306.01,7549.84,450.0,Electronics,North America
2020-03-03,310,24834.62,4339.43,228.0,Electronics,North America
2020-12-17,483,48636.59,7766.78,279.0,Apparel,EMEA
2021-12-27,643,49107.88,11969.71,465.0,Home & Garden,Latin America
2021-09-09,543,30391.14,5396.67,353.0,Office Supplies,APAC
2022-09-02,638,44297.36,8612.61,,Electronics,North America
2021-12-08,676,35920.24,5650.15,431.0,Office Supplies,Latin America
2021-04-29,556,53917.2,10518.36,382.0,Apparel,EMEA
2021-09-22,448,35730.33,5348.19,357.0,Electronics,North America
2022-06-06,756,63857.7,12493.02,530.0,Electronics,Latin America
2021-07-10,524,32109.5,5129.56,410.0,Electronics,EMEA
2021-09-28,552,43155.09,7344.54,287.0,Home & Garden,EMEA
2021-03-06,510,32972.63,4390.48,342.0,Home & Garden,North America
2021-05-12,576,47925.53,8136.45,383.0,Electronics,Latin America
2022-08-17,736,75191.56,13754.8,573.0,Office Supplies,Latin America
2021-06-22,598,53465.09,9505.07,374.0,Electronics,APAC
2022-12-13,798,82852.8,18711.55,510.0,Office Supplies,North America
2022-03-25,817,74443.42,13082.36,534.0,Office Supplies,North America
2021-09-26,477,49345.43,7513.49,335.0,Home & Garden,Latin America
2022-09-27,774,41211.22,6966.13,590.0,Electronics,EMEA
2021-01-10,438,23012.76,4115.36,301.0,Electronics,APAC
2020-12-01,389,37063.71,8705.84,335.0,Electronics,EMEA
2022-07-18,734,34667.43,5020.99,441.0,Electronics,EMEA
2021-04-18,641,39666.96,6438.81,489.0,Electronics,EMEA
2020-06-26,411,20829.71,3338.01,254.0,Apparel,North America
2022-12-10,850,71398.06,10325.51,498.0,Office Supplies,North America
2020-09-20,274,26363.11,4147.61,261.0,Home & Garden,APAC
2020-08-26,288,21804.08,3862.95,192.0,Electronics,EMEA
2022-09-26,741,55775.36,8187.0,469.0,Home & Garden,APAC
2021-10-11,555,37398.12,6789.1,418.0,Office Supplies,APAC
2020-07-29,350,31586.51,4250.47,239.0,Electronics,APAC
2021-04-21,609,52920.47,10976.4,390.0,Home & Garden,North America
2021-05-25,589,52254.69,8294.35,476.0,Apparel,EMEA
2022-12-06,801,51383.59,8844.15,520.0,Office Supplies,EMEA
2022-09-17,723,69846.38,15943.37,543.0,Apparel,North America
2022-09-09,675,47166.1,10241.16,488.0,Electronics,North America
2020-11-27,352,20403.16,4487.01,283.0,Home & Garden,North America
2021-06-26,576,55057.72,10745.49,476.0,Electronics,EMEA
2020-07-05,365,17421.92,3454.88,267.0,Home & Garden,Latin America
2020-03-31,383,35828.81,6797.5,279.0,Office Supplies,North America
2022-03-10,763,41356.24,6419.75,479.0,Electronics,EMEA
2020-03-29,357,28663.39,5710.16,231.0,Electronics,EMEA
2020-08-28,282,23961.92,3692.14,181.0,Electronics,North America
2021-08-04,508,29875.31,6174.36,361.0,Electronics,Latin America
2021-02-06,518,44235.01,6793.08,458.0,Apparel,North America
2020-01-08,296,31526.35,6132.39,170.0,Home & Garden,North America
2020-06-28,461,48370.14,7281.21,283.0,Office Supplies,North America
2020-09-09,398,40975.29,5785.95,290.0,Electronics,North America
2021-12-16,665,70390.73,14579.37,487.0,Electronics,North America
2021-12-18,631,55915.74,12265.65,385.0,Home & Garden,APAC
2021-02-07,521,49150.44,7796.9,273.0,Office Supplies,EMEA
2021-02-25,617,46260.93,10208.09,369.0,Electronics,EMEA
2022-09-07,745,53129.4,8017.03,405.0,Home & Garden,EMEA
2021-11-26,573,32631.83,5838.66,373.0,Office Supplies,APAC
2020-05-14,345,20168.17,2946.45,228.0,Home & Garden,Latin America
2021-05-16,658,29824.65,5220.24,549.0,Electronics,North America
2020-12-18,460,46744.43,7330.47,339.0,Home & Garden,Latin America
2021-06-01,534,50728.17,7312.02,322.0,Office Supplies,Latin America
2021-08-10,488,46896.54,7577.37,391.0,Electronics,APAC
2022-01-14,697,51481.05,9785.74,595.0,Apparel,EMEA
2021-12-23,580,54468.73,8444.91,426.0,Apparel,APAC
2021-04-30,529,32415.45,7581.68,327.0,Apparel,APAC
2021-12-22,564,48586.06,9163.75,366.0,Office Supplies,North America
2021-04-15,574,28252.17,6021.0,426.0,Apparel,Latin America
2021-04-08,592,60185.94,9059.84,459.0,Home & Garden,North America
2020-04-28,431,25523.11,3546.45,293.0,Home & Garden,North America
2021-10-16,634,67055.96,13076.4,463.0,Office Supplies,EMEA
2022-09-04,617,30650.28,5031.28,499.0,Electronics,Latin America
2021-03-31,548,42707.79,7687.0,359.0,Electronics,North America
2020-06-13,402,43232.97,7196.79,270.0,Office Supplies,Latin America
2021-10-30,440,44046.32,6652.32,328.0,Office Supplies,APAC
2020-07-20,356,18746.22,2892.48,187.0,Apparel,North America
2022-11-25,769,74176.62,11471.54,506.0,Office Supplies,North America
2021-07-16,573,41570.14,8531.11,473.0,Office Supplies,North America
2021-01-21,503,42045.65,7583.98,270.0,Electronics,North America
2021-05-13,548,39793.98,7674.25,348.0,Electronics,North America
2022-10-08,732,75795.1,11986.7,606.0,Apparel,APAC
2022-03-04,704,76522.17,14262.37,508.0,Electronics,EMEA
2021-11-07,512,45384.05,10207.91,315.0,Home & Garden,North America
2020-06-19,323,28089.11,3480.46,213.0,Office Supplies,North America
2022-01-11,620,51696.27,11083.33,504.0,Office Supplies,APAC
2020-01-13,284,20739.03,3211.28,199.0,Office Supplies,Latin America
2020-08-11,255,20934.76,4115.59,193.0,Home & Garden,North America
2021-12-04,543,40951.28,7522.44,440.0,Electronics,EMEA
2021-06-23,534,55194.14,9809.66,318.0,Electronics,Latin America
2020-07-06,342,31595.94,5836.06,192.0,Office Supplies,North America
2022-06-17,810,61702.85,13425.63,490.0,Home & Garden,North America
2020-06-11,412,33236.63,4467.66,240.0,Apparel,North America
2022-02-01,812,38037.92,5721.89,533.0,Electronics,Latin America
2022-05-30,876,89996.9,18340.94,672.0,Apparel,EMEA
2020-09-24,260,20989.87,3392.7,155.0,Electronics,North America
2021-03-02,514,26878.12,4143.23,332.0,Apparel,North America
2022-11-11,797,48928.54,9364.39,542.0,Home & Garden,North America
2020-01-21,348,39338.83,7044.33,237.0,Apparel,EMEA
2022-10-14,710,47130.8,8706.61,406.0,Apparel,EMEA
2020-02-04,347,16224.53,2733.01,273.0,Apparel,North America
2020-05-31,387,22392.64,3133.53,176.0,Apparel,EMEA
2020-04-29,416,34126.3,8177.29,331.0,Office Supplies,APAC
2021-11-12,518,43894.3,10000.58,282.0,Electronics,EMEA
2021-09-24,511,29993.53,6775.71,351.0,Electronics,EMEA
2020-09-04,287,30523.44,6277.65,211.0,Electronics,EMEA
2020-06-09,328,19662.0,3194.92,228.0,Home & Garden,APAC
2020-06-04,342,,2909.57,291.0,Apparel,EMEA
2020-11-19,459,20948.95,3455.7,297.0,Home & Garden,North America
2022-11-16,744,45591.08,10414.98,506.0,Office Supplies,EMEA
2020-02-05,267,27169.54,5202.69,214.0,Electronics,APAC
2022-07-30,763,57466.19,9782.57,428.0,Electronics,Latin America
2022-06-18,729,53515.25,8913.14,471.0,Apparel,EMEA
2022-01-28,668,63733.48,11129.6,459.0,Electronics,APAC
2022-08-13,765,50586.0,10335.93,620.0,Home & Garden,North America
2020-08-31,348,25773.78,5090.48,196.0,Electronics,EMEA
2022-08-22,713,45456.05,7639.78,452.0,Home & Garden,APAC
2022-05-27,786,36958.84,5734.32,661.0,Office Supplies,Latin America
2022-12-05,815,56143.55,7391.47,550.0,Home & Garden,Latin America
2022-08-04,664,36338.52,5027.21,431.0,Electronics,APAC
2022-02-19,745,83597.4,16104.74,465.0,Office Supplies,APAC
2020-09-15,332,19078.07,3261.86,248.0,Electronics,EMEA
2020-11-09,392,27179.84,5021.25,334.0,Home & Garden,APAC
2022-08-07,733,70548.5,13036.23,578.0,Office Supplies,EMEA
2022-11-26,816,50082.13,6762.57,695.0,Office Supplies,North America
2020-01-17,241,15485.41,2491.3,178.0,Home & Garden,APAC
2022-06-26,785,33813.83,6075.24,588.0,Home & Garden,EMEA
2022-06-05,794,43437.06,6887.36,639.0,Office Supplies,Latin America
2022-01-23,736,76985.42,16356.29,404.0,Apparel,APAC
2021-11-05,497,31325.01,3917.18,292.0,Office Supplies,Latin America
2022-10-23,739,44299.64,8374.89,546.0,Office Supplies,APAC
2022-05-11,723,48272.25,8459.97,450.0,Office Supplies,APAC
2020-09-25,300,26866.37,5231.86,213.0,Office Supplies,EMEA
2020-09-28,261,19776.43,3998.59,216.0,Apparel,Latin America
2020-12-24,450,29124.17,6699.05,356.0,Home & Garden,North America
2022-09-23,788,59373.45,9752.69,531.0,Home & Garden,North America
2022-05-10,792,51119.79,10754.54,466.0,Electronics,EMEA
2021-10-06,513,25008.82,4364.18,307.0,Office Supplies,APAC
2022-02-24,788,89052.38,17252.49,614.0,Electronics,North America
2020-11-06,347,23530.48,3420.61,228.0,Electronics,EMEA
2022-04-19,777,54638.06,11568.03,527.0,Office Supplies,Latin America
2021-08-13,523,25764.7,5175.15,314.0,Apparel,EMEA
2020-12-09,389,29037.62,3586.31,296.0,Apparel,APAC
2020-07-16,343,30140.17,4783.75,241.0,Home & Garden,APAC
2022-03-11,801,73621.37,13581.74,462.0,Home & Garden,Latin America
2021-08-25,550,57209.88,12166.43,434.0,Electronics,Latin America
2020-12-11,422,27525.47,5315.7,280.0,Home & Garden,APAC
2020-12-26,462,22266.08,4499.28,303.0,Office Supplies,North America
2020-10-11,412,31917.69,6198.55,302.0,Home & Garden,Latin America
2020-03-14,429,22259.98,4150.18,267.0,Electronics,EMEA
2020-11-05,346,31177.88,4962.33,267.0,Office Supplies,Latin America
2022-11-01,811,42422.62,8717.35,620.0,Apparel,North America
2021-03-29,598,60452.97,11537.44,401.0,Apparel,North America
2022-05-06,752,69092.13,9460.28,586.0,Home & Garden,Latin America
2022-03-21,765,75262.67,16240.33,617.0,Electronics,APAC
2021-03-12,629,61711.27,13734.21,379.0,Home & Garden,EMEA
2021-03-04,598,64372.41,7430.41,315.0,Electronics,North America
2021-01-18,463,28416.63,4045.17,352.0,Office Supplies,North America
2020-08-24,234,18646.05,2339.35,182.0,Office Supplies,APAC
2021-11-14,586,52932.58,8237.79,444.0,Apparel,EMEA
2020-11-03,328,35248.69,6826.86,277.0,Electronics,EMEA
2021-03-23,536,32167.75,4885.07,372.0,Apparel,Latin America
2022-04-27,885,78986.43,17659.67,516.0,Apparel,North America
2021-08-01,468,22214.55,4346.67,364.0,Apparel,North America
2021-01-31,439,29448.65,5833.7,358.0,Electronics,EMEA
2020-09-27,376,22780.02,4005.14,290.0,Apparel,EMEA
2022-08-03,683,31706.52,4740.87,502.0,Office Supplies,EMEA
2020-10-01,281,20181.2,3676.62,211.0,Electronics,North America
2021-08-08,533,52672.77,9943.64,393.0,Office Supplies,North America
2021-08-07,530,31957.73,4517.25,318.0,Office Supplies,North America
2022-09-29,721,65117.59,8994.45,596.0,Home & Garden,APAC
2020-03-20,292,31025.85,6473.82,151.0,Apparel,Latin America
2022-07-10,702,35791.07,6948.7,426.0,Electronics,EMEA
2020-09-12,294,18780.19,2326.97,228.0,Apparel,APAC
2020-12-08,417,20452.67,4118.79,281.0,Apparel,North America
2020-01-14,200,19077.77,2926.52,155.0,Office Supplies,North America
2022-12-14,877,96673.99,19975.27,668.0,Electronics,APAC
2022-11-02,701,53097.72,10661.26,402.0,Home & Garden,EMEA
2022-12-07,824,50320.56,8549.89,661.0,Office Supplies,North America
2020-03-02,346,18793.46,4425.08,277.0,Office Supplies,EMEA
2020-12-19,422,45009.38,9222.68,356.0,Office Supplies,Latin America
2022-12-09,757,51785.98,10039.98,495.0,Home & Garden,North America
2021-09-14,589,47370.95,9916.37,372.0,Apparel,North America
2020-04-30,417,40854.74,8470.86,301.0,Electronics,Latin America
2021-02-03,562,40662.67,8610.06,398.0,Office Supplies,EMEA
2020-05-01,349,19016.67,3483.33,231.0,Office Supplies,North America
2022-11-27,673,69588.46,12334.18,402.0,Apparel,North America
2021-01-13,562,27048.06,3999.72,399.0,Home & Garden,EMEA
2020-06-01,345,33524.23,6523.18,194.0,Office Supplies,EMEA
2021-05-07,588,66968.06,11482.91,351.0,Home & Garden,North America
2022-08-06,722,47298.15,6786.41,602.0,Apparel,North America
2020-06-29,376,22432.13,4077.48,,Office Supplies,North America
2020-11-07,401,33016.97,4207.85,263.0,Electronics,Latin America
2022-07-08,753,54423.03,8555.79,596.0,Office Supplies,North America
2022-04-15,795,65663.01,11520.48,493.0,Office Supplies,APAC
2021-08-27,532,37853.41,6834.98,379.0,Office Supplies,Latin America
2021-06-02,577,44032.35,9842.46,372.0,Apparel,North America
2020-06-18,330,28806.34,6182.33,286.0,Office Supplies,EMEA
2022-05-15,767,48615.38,8595.68,471.0,Electronics,North America
2020-02-23,368,28083.9,4103.0,218.0,Electronics,North America
2021-06-13,529,40339.57,8503.97,373.0,Office Supplies,Latin America
2021-09-13,533,45423.21,6425.68,375.0,Electronics,Latin America
2021-08-09,504,39990.94,7372.96,327.0,Office Supplies,North America
2020-05-11,386,32953.1,4982.46,246.0,Apparel,APAC
2021-05-09,645,48854.31,9788.84,385.0,Home & Garden,North America
2022-01-07,703,45881.73,9090.25,609.0,Office Supplies,North America
2022-10-29,761,61171.36,6980.64,489.0,Office Supplies,EMEA
2020-06-03,383,23396.3,4971.26,255.0,Office Supplies,EMEA
2021-03-17,568,52873.18,7811.52,361.0,Electronics,APAC
2022-11-28,835,92934.99,16484.52,472.0,Electronics,North America
2020-01-23,296,27519.96,4180.41,236.0,Electronics,Latin America
2020-01-26,303,17973.23,3134.17,191.0,Electronics,Latin America
2022-09-18,633,34626.2,7093.07,364.0,Home & Garden,EMEA
2022-12-18,812,66702.79,14506.87,511.0,Apparel,EMEA
2020-07-30,372,24633.11,4671.62,268.0,Electronics,North America
2022-11-14,825,63227.12,14546.8,651.0,Home & Garden,EMEA
2021-03-03,581,35043.18,6339.34,475.0,Apparel,Latin America
2022-06-21,760,62956.34,11527.5,571.0,Apparel,North America
2020-04-10,327,15945.28,2416.23,287.0,Electronics,EMEA
2022-04-09,772,42254.49,9164.0,572.0,Office Supplies,EMEA
2022-10-27,732,44001.06,7835.61,545.0,Office Supplies,EMEA
2021-05-03,653,44314.04,6612.05,465.0,Apparel,APAC
2021-08-24,479,37115.73,8966.76,358.0,Home & Garden,North America
2021-12-15,618,57698.75,10774.1,343.0,Office Supplies,APAC
2022-10-20,821,78023.42,14613.02,498.0,Home & Garden,North America
2020-11-08,391,31167.37,5245.54,231.0,Apparel,APAC
2022-09-16,716,54999.97,7636.62,455.0,Home & Garden,North America
2021-04-26,548,24604.58,3438.15,436.0,Electronics,APAC
2022-01-06,672,37488.4,7949.47,505.0,Electronics,APAC
2022-06-07,793,43516.75,8252.97,664.0,Apparel,North America
2022-09-15,706,82251.0,17220.62,513.0,Home & Garden,North America
2022-04-10,730,,7280.36,490.0,Electronics,Latin America
2022-04-05,840,67943.94,12059.27,643.0,Office Supplies,North America
2022-08-26,714,66551.01,11889.55,475.0,Electronics,APAC
2021-01-03,460,21761.83,4811.89,352.0,Electronics,APAC
2022-04-07,762,73229.7,12316.8,532.0,Apparel,North America
2022-04-02,872,74270.42,13531.77,708.0,Home & Garden,APAC
2022-08-09,736,76281.88,14906.12,597.0,Apparel,North America
2022-07-14,679,61179.5,10854.34,,Electronics,North America
2021-03-25,533,51158.65,7634.27,498.0,Electronics,North America
2020-02-12,322,16052.02,1885.74,194.0,Home & Garden,North America
2020-03-23,433,19943.11,3228.4,359.0,Apparel,EMEA
2022-03-27,787,78797.89,16617.19,577.0,Office Supplies,North America
2021-11-18,557,61439.5,13733.57,371.0,Electronics,EMEA
2020-08-09,246,25044.0,5873.87,150.0,Home & Garden,EMEA
2022-04-13,754,73185.92,13754.8,402.0,Home & Garden,EMEA
2022-01-27,708,62651.93,11486.68,404.0,Home & Garden,Latin America
2022-11-10,753,63610.33,12269.17,593.0,Office Supplies,North America
2020-02-24,386,25643.38,4269.61,271.0,Home & Garden,EMEA
2022-03-09,762,75835.12,14662.21,557.0,Electronics,EMEA
2020-04-19,383,32966.85,4889.09,199.0,Home & Garden,EMEA
2022-07-16,753,55697.8,9479.72,443.0,Electronics,APAC
2020-05-06,345,35334.36,6640.05,244.0,Home & Garden,EMEA
2021-02-23,546,31622.37,6376.15,401.0,Electronics,EMEA
2022-02-05,715,77107.4,10703.6,551.0,Electronics,Latin America
2020-05-04,408,43402.84,8520.17,328.0,Home & Garden,Latin America
2020-07-24,294,27784.76,4671.44,207.0,Electronics,EMEA
2022-03-19,821,55534.84,10618.29,665.0,Apparel,EMEA
2021-12-20,626,61855.61,11494.11,551.0,Apparel,EMEA
2021-01-11,506,48657.77,8148.36,329.0,Home & Garden,EMEA
2020-12-21,392,27551.97,5332.32,295.0,Electronics,Latin America
2020-03-27,414,35862.92,7527.52,338.0,Apparel,North America
2020-05-28,396,34860.87,5842.4,305.0,Office Supplies,North America
2021-07-12,557,58231.56,13960.82,434.0,Home & Garden,EMEA
2020-02-27,336,32147.52,6132.26,238.0,Office Supplies,North America
2022-11-13,702,,5906.0,482.0,Apparel,North America
2020-03-01,333,35212.67,7062.44,221.0,Apparel,North America
2021-11-06,524,54064.46,8026.45,394.0,Electronics,North America
2021-11-24,607,64425.62,14431.1,349.0,Home & Garden,North America
2020-02-18,350,35644.04,5806.59,313.0,Apparel,APAC
2020-10-17,324,18643.17,3597.53,,Home & Garden,EMEA
2022-02-10,702,76960.08,11664.32,479.0,Electronics,Latin America
2020-01-10,290,29005.54,5813.89,210.0,Electronics,APAC
2022-07-06,754,52407.32,8651.03,569.0,Home & Garden,APAC
2022-10-04,747,77078.72,12048.93,561.0,Office Supplies,North America
2021-07-09,528,57686.26,13925.8,249.0,Electronics,EMEA
2020-06-07,321,28894.03,4085.19,172.0,Electronics,North America
2021-04-23,710,46761.36,10647.34,516.0,Electronics,North America
2021-01-22,567,32474.71,8639.96,391.0,Office Supplies,APAC
2020-02-25,383,36149.9,7870.36,224.0,Apparel,EMEA
2021-07-28,563,53282.39,10300.87,392.0,Office Supplies,Latin America
2021-12-31,657,44538.9,8112.21,534.0,Office Supplies,North America
2020-03-24,354,23006.76,3982.78,226.0,Apparel,North America
2021-12-12,610,27839.63,5054.28,417.0,Electronics,EMEA
2020-03-21,364,28239.67,5825.32,184.0,Electronics,Latin America
2020-11-20,336,24233.49,5071.08,280.0,Home & Garden,North America
2021-04-14,562,66178.84,12424.37,370.0,Office Supplies,North America
2022-01-13,676,71870.66,15108.22,544.0,Home & Garden,APAC
2022-12-29,848,71339.46,13757.5,679.0,Home & Garden,Latin America
2021-04-13,564,53106.21,7091.34,471.0,Electronics,North America
2022-06-25,701,72348.93,13721.88,595.0,Office Supplies,EMEA
2022-02-17,732,63420.76,10966.77,618.0,Electronics,APAC
2022-04-14,784,78306.25,17091.26,657.0,Home & Garden,Latin America
2022-07-29,678,31492.75,5676.14,383.0,Home & Garden,North America
2021-06-19,562,60136.36,11075.42,304.0,Home & Garden,Latin America
2022-11-24,804,45506.06,9569.2,420.0,Apparel,EMEA
2021-05-06,644,,14302.59,368.0,Home & Garden,EMEA
2021-02-10,482,24296.75,4199.86,328.0,Apparel,North America
2022-03-07,757,78030.58,15000.72,502.0,Home & Garden,Latin America
2022-05-14,758,,7143.25,537.0,Electronics,Latin America
2022-10-16,748,39790.6,5399.28,410.0,Apparel,APAC
2021-10-22,514,24911.4,4808.97,416.0,Home & Garden,North America
2021-06-10,502,35650.32,8732.61,258.0,Office Supplies,APAC
2021-08-05,550,54352.98,10719.08,296.0,Apparel,North America
2020-02-11,332,28673.04,8028.45,236.0,Apparel,North America
2022-11-20,753,59439.91,11743.97,436.0,Office Supplies,EMEA
2022-04-11,747,75937.96,11731.2,466.0,Home & Garden,EMEA
2020-01-24,238,18452.85,2951.84,184.0,Electronics,North America
2021-11-09,596,57504.61,10172.4,368.0,Office Supplies,North America
2021-11-15,519,51215.12,9143.39,382.0,Electronics,APAC
2022-03-31,759,78348.81,13950.74,588.0,Office Supplies,North America
2020-11-22,426,21068.62,4410.77,292.0,Office Supplies,EMEA
2020-02-02,310,31550.41,5180.97,212.0,Apparel,EMEA
2022-03-22,756,37016.71,5266.14,523.0,Electronics,North America
2020-12-30,477,41619.24,6573.38,324.0,Electronics,North America
2020-09-02,300,28628.33,5651.11,240.0,Electronics,North America
2021-08-19,507,,5919.25,400.0,Home & Garden,APAC
2021-11-28,539,47654.22,6336.31,283.0,Office Supplies,Latin America
2021-07-04,552,24473.1,4725.25,338.0,Office Supplies,EMEA
2020-07-13,346,24223.9,4669.51,250.0,Office Supplies,EMEA
2021-06-27,612,45963.25,10326.72,419.0,Home & Garden,North America
2022-05-28,775,43023.06,5138.91,612.0,Office Supplies,EMEA
2022-08-29,687,36707.14,7897.6,384.0,Electronics,North America
2020-12-25,406,40943.04,9240.73,235.0,Electronics,EMEA
2022-02-08,794,67236.74,12197.29,488.0,Electronics,APAC
2020-11-26,386,32414.33,5075.89,317.0,Office Supplies,EMEA
2021-03-22,588,27931.02,5311.27,361.0,Office Supplies,North America
2021-07-21,494,39178.56,6961.38,374.0,Electronics,APAC
2021-06-21,543,38806.55,6050.53,301.0,Apparel,APAC
2020-01-27,254,24236.48,2735.16,175.0,Office Supplies,Latin America
2021-07-29,440,41463.23,8833.31,264.0,Apparel,Latin America
2022-03-05,713,68653.22,13969.98,470.0,Electronics,EMEA
2021-07-08,558,37449.49,6490.96,514.0,Home & Garden,APAC
2020-05-26,327,28269.23,3470.49,192.0,Office Supplies,EMEA
2022-02-21,756,54718.89,9292.71,643.0,Office Supplies,North America
2020-01-06,252,26265.68,4880.77,171.0,Apparel,EMEA
2021-10-03,588,44128.61,10505.02,428.0,Electronics,North America
2021-04-07,555,49917.36,8904.4,348.0,Apparel,North America
2022-06-04,845,57577.77,8035.47,533.0,Office Supplies,Latin America
2020-04-05,323,13966.39,1830.8,180.0,Electronics,EMEA
2020-01-18,296,25584.17,4956.97,154.0,Home & Garden,North America
2020-02-06,326,30893.6,5691.77,230.0,Electronics,North America
2022-04-25,806,68328.52,11842.59,642.0,Home & Garden,North America
2020-05-10,321,36847.11,4803.15,248.0,Office Supplies,North America
2022-06-30,760,38299.3,6914.11,634.0,Electronics,APAC
2022-06-02,815,53526.64,9378.89,454.0,Electronics,North America
2022-01-02,670,65021.48,10346.81,535.0,Office Supplies,APAC
2020-05-23,385,,3577.26,295.0,Apparel,EMEA
2021-07-11,525,37722.02,6333.82,392.0,Electronics,EMEA
2020-05-08,388,17743.35,3583.71,298.0,Electronics,Latin America
2020-04-13,352,17992.26,3110.92,258.0,Electronics,North America
2021-08-22,531,49804.59,8127.2,341.0,Home & Garden,Latin America
2021-05-10,606,55009.97,9675.71,362.0,Home & Garden,North America
2021-08-30,465,51073.47,12100.26,254.0,Home & Garden,Latin America
2021-09-20,518,40984.73,6933.0,279.0,Electronics,Latin America
2022-06-20,744,70395.37,8513.07,604.0,Apparel,North America
2021-07-06,593,36563.65,7329.63,382.0,Apparel,Latin America
2021-01-17,397,27123.1,5701.91,369.0,Apparel,North America
2020-10-30,371,19063.11,3493.93,297.0,Electronics,EMEA
2021-05-31,594,38916.84,6914.62,434.0,Home & Garden,North America
2021-10-12,602,60700.54,10012.34,357.0,Home & Garden,North America
2022-05-03,833,75733.75,16704.3,564.0,Electronics,EMEA
2021-08-21,499,22604.74,3982.29,342.0,Apparel,Latin America
2021-05-05,585,40517.98,6120.6,397.0,Office Supplies,North America
2021-07-26,544,47244.94,8862.07,406.0,Office Supplies,APAC
2022-10-25,765,39618.73,4939.91,455.0,Electronics,APAC
2021-03-10,622,68892.82,11103.32,347.0,Home & Garden,EMEA
2022-07-12,714,52034.88,7448.62,612.0,Apparel,APAC
2022-03-26,717,62697.58,11922.61,452.0,Office Supplies,EMEA
2020-12-20,429,43979.74,9104.33,276.0,Electronics,North America
2020-08-01,352,34480.03,6225.44,279.0,Home & Garden,Latin America
2020-07-31,364,31535.68,7336.71,233.0,Apparel,EMEA
2020-01-29,280,28645.54,4634.68,163.0,Apparel,North America
2020-06-30,316,20664.74,3996.69,234.0,Apparel,North America
2022-03-18,751,64634.53,10222.45,551.0,Electronics,EMEA
2020-01-25,275,28886.32,5452.75,121.0,Home & Garden,North America
2021-02-02,507,42496.24,8463.54,363.0,Home & Garden,Latin America
2021-03-26,574,58849.75,12536.45,429.0,Office Supplies,North America
2020-03-05,390,24901.27,4555.49,313.0,Office Supplies,EMEA
2022-10-05,765,48624.64,8742.16,541.0,Electronics,North America
2020-12-15,412,29843.65,6516.84,263.0,Office Supplies,North America
2021-09-27,452,39287.54,5188.78,280.0,Electronics,Latin America
2020-02-08,267,15118.28,3069.71,164.0,Electronics,North America
2021-03-19,567,48106.39,7294.6,365.0,Apparel,Latin America
2022-01-30,683,46930.34,9422.94,538.0,Office Supplies,North America
2021-06-18,535,57422.27,11820.32,362.0,Office Supplies,EMEA
2021-12-29,624,50111.82,11907.12,331.0,Electronics,APAC
2020-01-07,326,14611.0,2397.13,202.0,Office Supplies,EMEA
2021-02-05,492,27590.94,5088.95,292.0,Home & Garden,North America
2021-02-28,576,60279.25,10994.21,408.0,Electronics,North America
2021-11-27,600,42993.33,7053.33,466.0,Home & Garden,APAC
2021-12-14,633,49126.31,10426.05,425.0,Electronics,EMEA
2021-02-19,508,46137.22,9199.52,391.0,Office Supplies,North America
2020-07-03,339,17082.99,2581.55,228.0,Electronics,Latin America
2020-08-13,363,33448.57,5771.35,200.0,Home & Garden,APAC
2020-07-22,375,38329.62,7134.36,267.0,Apparel,APAC
2022-07-09,787,72346.5,9178.45,452.0,Electronics,EMEA
2020-06-24,388,32923.95,5960.33,385.0,Office Supplies,Latin America
2022-09-14,749,42270.41,6708.58,579.0,Electronics,APAC
2021-06-16,560,47054.77,7317.65,443.0,Home & Garden,APAC
2020-05-03,329,21130.25,3266.96,203.0,Apparel,EMEA
2021-12-19,612,35024.44,6641.46,401.0,Electronics,North America
2021-10-17,534,53370.63,8752.36,418.0,Electronics,Latin America
2022-08-30,748,52088.01,7537.91,621.0,Office Supplies,APAC
2022-05-07,804,64895.92,9119.53,488.0,Electronics,APAC
2021-01-29,551,27181.95,5079.49,366.0,Office Supplies,North America
2021-04-10,575,42286.77,10554.83,414.0,Electronics,Latin America
2021-02-26,538,42496.26,9141.2,425.0,Apparel,North America
2020-05-21,431,27606.98,5033.43,269.0,Electronics,APAC
2020-10-15,342,29682.25,5254.56,222.0,Home & Garden,EMEA
2022-06-11,809,61197.95,7018.67,484.0,Home & Garden,APAC
2021-06-11,568,31080.47,6704.57,463.0,Home & Garden,Latin America
2022-07-27,740,63255.44,11874.06,559.0,Electronics,Latin America
2021-03-07,477,47518.93,10696.63,264.0,Electronics,Latin America
2022-07-25,691,74356.25,14691.68,440.0,Electronics,Latin America
2022-10-19,733,71892.29,14989.58,591.0,Home & Garden,Latin America
2020-08-16,289,28551.57,3454.39,177.0,Electronics,EMEA
2021-09-21,560,28115.59,5006.67,318.0,Apparel,North America
2022-11-06,822,88791.59,14935.49,572.0,Office Supplies,North America
2020-11-21,330,26384.59,5157.37,271.0,Apparel,EMEA
2020-09-29,366,27866.65,3419.78,219.0,Electronics,Latin America
2022-11-04,761,56601.29,8829.9,629.0,Apparel,North America
2020-03-13,364,21353.63,3769.2,270.0,Home & Garden,North America
2020-06-20,326,35809.33,6028.3,272.0,Electronics,APAC
2021-12-01,573,54126.6,6754.87,359.0,Office Supplies,EMEA
2021-10-19,533,,5911.75,449.0,Home & Garden,EMEA
2022-08-02,800,65076.16,9774.39,463.0,Apparel,EMEA
2020-11-28,393,18414.43,2653.45,210.0,Home & Garden,APAC
2021-06-15,497,29345.83,4785.76,393.0,Office Supplies,EMEA
2020-10-09,389,27358.29,5705.48,227.0,Office Supplies,APAC
2021-09-19,510,47342.25,4824.45,381.0,Apparel,Latin America
2022-12-16,807,78118.29,14202.11,542.0,Home & Garden,EMEA
2020-11-24,408,39486.96,5800.24,381.0,Office Supplies,EMEA
2020-04-06,394,33697.2,7284.66,287.0,Electronics,North America
2020-02-29,390,29543.06,5989.49,243.0,Office Supplies,North America
2021-12-24,666,44554.12,7166.6,440.0,Office Supplies,EMEA
2020-07-28,482,35419.89,5813.11,299.0,Office Supplies,EMEA
2022-05-22,724,40419.47,7878.01,510.0,Office Supplies,APAC
2022-02-02,707,48204.89,8265.95,527.0,Home & Garden,North America
2021-11-25,607,51581.24,7564.52,511.0,Office Supplies,Latin America
2022-05-26,756,47716.46,9817.2,542.0,Electronics,Latin America
2022-07-23,751,69766.22,12936.88,642.0,Office Supplies,North America
2020-10-27,310,17066.16,2540.19,197.0,Apparel,North America
2022-04-17,746,55308.01,11348.32,,Apparel,Latin America
2021-05-15,619,58370.15,9466.8,387.0,Electronics,EMEA
2020-06-23,367,34436.93,5671.96,299.0,Home & Garden,North America
2020-06-22,370,19202.83,3715.3,306.0,Apparel,Latin America
2021-09-08,518,29086.22,5155.77,360.0,Office Supplies,EMEA
2022-09-25,694,34611.12,7575.75,513.0,Office Supplies,EMEA
2022-05-13,855,42687.81,10639.4,653.0,Office Supplies,North America
2022-11-29,721,39971.52,7852.39,530.0,Apparel,North America
2022-03-16,756,54695.47,13475.65,448.0,Home & Garden,North America
2021-11-29,627,30979.43,5898.52,453.0,Office Supplies,EMEA
2022-09-11,714,62744.68,9471.85,362.0,Apparel,EMEA
2021-01-20,494,49436.77,10289.64,317.0,Electronics,EMEA
2022-12-22,874,85567.13,16375.37,528.0,Electronics,Latin America
2021-06-17,514,46962.15,8563.28,428.0,Electronics,Latin America
2022-05-20,773,64271.65,10369.52,479.0,Office Supplies,APAC
2020-04-12,371,26673.58,5547.19,280.0,Electronics,North America
2021-06-04,505,24798.82,3211.95,326.0,Apparel,Latin America
2022-03-29,781,41728.36,6080.22,530.0,Electronics,North America
2022-08-16,741,58080.57,8962.13,591.0,Apparel,EMEA
2020-02-19,267,25296.1,4803.36,202.0,Home & Garden,APAC
2021-08-29,484,42896.97,9903.7,378.0,Home & Garden,APAC
2020-10-28,322,16205.85,2123.97,235.0,Electronics,Latin America
2020-05-02,441,38764.5,8447.22,291.0,Office Supplies,APAC
2022-12-31,846,86215.93,12210.68,473.0,Apparel,EMEA
2020-03-30,399,38413.81,6694.95,251.0,Electronics,North America
2022-01-29,732,60587.46,11625.19,623.0,Apparel,Latin America
2020-01-15,209,11731.49,2299.89,164.0,Apparel,EMEA
2021-09-07,519,37148.47,6443.05,440.0,Home & Garden,North America
2021-12-21,643,61812.31,8771.05,537.0,Office Supplies,North America
2020-08-14,321,16689.84,3605.27,266.0,Apparel,EMEA
2022-12-17,809,78281.27,15002.56,654.0,Electronics,APAC
2020-02-01,383,32713.52,5398.0,282.0,Apparel,North America
2021-04-24,631,64325.41,12686.39,514.0,Home & Garden,North America
2022-06-03,799,80865.8,13656.82,570.0,Apparel,Latin America
2022-03-06,800,53681.14,8968.31,455.0,Office Supplies,Latin America
2020-08-20,318,20843.52,3716.45,198.0,Electronics,North America
2021-03-14,498,53128.63,11598.46,380.0,Apparel,Latin America
2022-06-09,801,66307.59,9955.79,609.0,Electronics,North America
2022-03-24,783,81539.27,16121.35,617.0,Office Supplies,North America
2021-08-12,486,37513.62,8540.31,361.0,Electronics,North America
2022-11-09,757,62686.25,12619.77,494.0,Home & Garden,APAC
2020-09-10,355,,7077.99,203.0,Apparel,Latin America
2021-08-23,546,61465.87,6146.59,331.0,Office Supplies,Latin America
2022-05-05,763,65880.62,11936.48,548.0,Apparel,North America
2020-05-12,340,33613.01,5926.6,,Home & Garden,North America
2021-03-27,615,37045.46,7847.75,397.0,Electronics,North America
2021-07-14,552,33820.46,5529.53,447.0,Home & Garden,EMEA
2021-09-15,568,28572.59,3338.15,340.0,Electronics,EMEA
2021-12-17,627,30881.82,5283.12,357.0,Electronics,North America
2020-02-17,377,25844.75,4323.13,228.0,Electronics,EMEA
2021-04-20,576,56247.99,11533.23,503.0,Home & Garden,EMEA
2020-12-27,505,51101.36,11929.82,338.0,Office Supplies,Latin America
2020-04-14,378,30469.4,6522.54,231.0,Home & Garden,EMEA
2021-07-22,459,35074.66,6761.53,364.0,Home & Garden,APAC
2021-05-04,621,35933.35,7793.94,484.0,Electronics,North America
2022-04-03,766,86977.11,15263.85,486.0,Apparel,North America
2022-10-24,744,42657.98,7903.08,593.0,Office Supplies,Latin America
2022-05-31,753,65586.64,11565.44,535.0,Office Supplies,APAC
2020-07-21,377,32592.35,5323.43,290.0,Office Supplies,North America
2021-05-17,526,43009.64,7843.12,430.0,Electronics,EMEA
2020-10-07,329,34023.03,6166.33,214.0,Office Supplies,Latin America
2022-12-15,853,63045.78,12787.29,424.0,Electronics,APAC
2021-04-02,539,43978.45,8509.14,437.0,Electronics,EMEA
2021-04-11,609,28930.73,5377.76,383.0,Home & Garden,Latin America
2021-05-11,542,55047.95,9050.88,376.0,Apparel,EMEA
2020-05-17,368,25251.84,5001.47,312.0,Apparel,North America
2021-02-13,550,37586.9,8088.05,366.0,Home & Garden,Latin America
2021-06-12,576,39962.22,7448.05,420.0,Home & Garden,Latin America
2021-05-30,605,59139.29,10877.61,323.0,Electronics,North America
2021-12-02,637,47116.77,8435.39,523.0,Office Supplies,EMEA
2021-05-08,550,36276.72,8260.84,378.0,Office Supplies,APAC
2022-02-11,751,71010.11,11004.46,570.0,Apparel,EMEA
2022-11-21,750,77679.87,12265.41,599.0,Electronics,APAC
2022-09-30,694,50740.88,10033.53,453.0,Apparel,EMEA
2022-08-14,733,48971.51,7354.74,603.0,Apparel,North America
2021-03-08,549,55332.46,9411.85,308.0,Home & Garden,EMEA
2022-02-27,746,46718.72,7021.88,639.0,Home & Garden,Latin America
2021-01-04,427,36033.01,7237.45,265.0,Apparel,Latin America
2020-02-20,352,28243.12,3798.27,267.0,Electronics,Latin America
2022-09-20,688,30842.98,5123.38,519.0,Office Supplies,North America
2020-08-27,348,25460.37,4903.37,262.0,Home & Garden,North America
2021-01-12,480,24686.24,2943.24,422.0,Electronics,APAC
2021-10-15,486,49762.21,8866.13,384.0,Home & Garden,APAC
2022-07-22,646,62924.81,9655.34,505.0,Home & Garden,APAC
2020-11-11,363,38599.92,6466.3,277.0,Electronics,APAC
2020-09-01,265,28119.79,4952.3,215.0,Apparel,Latin America
2021-08-20,478,47582.15,6773.13,367.0,Office Supplies,North America
2022-01-04,699,36720.11,7975.15,420.0,Apparel,North America
2022-07-21,677,58978.02,11175.79,372.0,Electronics,Latin America
2020-07-09,325,32074.91,6461.12,209.0,Electronics,North America
2020-10-05,325,35208.94,4509.0,209.0,Electronics,APAC
2020-12-31,435,47629.31,9604.18,347.0,Electronics,North America
2021-05-18,604,43271.19,5025.43,460.0,Office Supplies,APAC
2021-04-12,615,39646.51,6061.08,484.0,Office Supplies,North America
2020-06-15,395,33909.74,7324.77,326.0,Electronics,North America
2022-05-04,842,87973.42,16954.41,648.0,Office Supplies,EMEA
2021-05-14,527,37600.56,6855.13,339.0,Office Supplies,APAC
2020-09-19,185,16159.67,2814.56,137.0,Electronics,North America
2022-10-15,717,56360.34,8289.42,556.0,Apparel,North America
2022-12-19,910,101011.83,14143.34,647.0,Electronics,North America
2020-11-23,413,27441.41,5369.3,304.0,Office Supplies,Latin America
2021-03-05,486,40720.96,8400.48,380.0,Electronics,APAC
2021-09-17,494,48606.69,10770.78,316.0,Office Supplies,North America
2021-06-20,525,44865.12,5953.16,270.0,Office Supplies,EMEA
2020-11-01,354,17011.34,3221.87,243.0,Electronics,North America
2020-12-10,392,22808.56,3850.78,268.0,Office Supplies,APAC
2021-01-24,472,23218.14,4916.72,361.0,Home & Garden,North America
2021-05-02,543,38590.28,6665.3,424.0,Electronics,APAC
2021-01-08,504,47601.75,10352.84,270.0,Office Supplies,North America
2021-11-23,537,30812.51,6181.36,410.0,Electronics,APAC
2022-03-13,769,41582.55,7493.81,647.0,Apparel,North America
2022-04-24,793,70561.49,14676.36,547.0,Office Supplies,North America
2020-01-12,254,21427.57,3659.09,185.0,Home & Garden,APAC
2021-02-16,472,40987.99,6297.82,404.0,Electronics,APAC
2021-10-20,543,56782.71,13137.32,347.0,Electronics,North America
2020-01-02,248,19568.46,3221.05,189.0,Electronics,North America
2020-03-16,401,37395.16,7836.66,259.0,Electronics,EMEA
2022-10-10,698,44813.82,10289.63,396.0,Apparel,North America
2020-05-29,386,28371.56,6713.58,237.0,Electronics,EMEA
2022-07-04,759,57274.69,9359.39,609.0,Office Supplies,EMEA
2022-02-09,751,46520.31,11022.2,545.0,Home & Garden,EMEA
2022-04-23,802,61319.12,11649.3,620.0,Office Supplies,North America
2020-08-17,344,32943.15,4825.66,234.0,Apparel,North America
2022-07-31,753,50289.13,8804.12,595.0,Office Supplies,EMEA
2021-09-30,468,41170.35,8023.52,345.0,Home & Garden,EMEA
2022-07-11,748,40212.36,5029.19,432.0,Home & Garden,North America
2022-01-18,660,61822.98,14929.9,450.0,Electronics,North America
2020-06-02,381,38166.78,5098.35,236.0,Electronics,North America
2022-05-16,793,81821.81,17171.73,617.0,Home & Garden,EMEA
2022-01-12,648,44043.47,6641.7,378.0,Apparel,EMEA
2020-03-15,263,23412.0,5322.57,126.0,Home & Garden,EMEA
2020-06-25,355,21214.97,2235.0,283.0,Home & Garden,APAC
2020-12-04,417,20940.14,5202.57,291.0,Electronics,North America
